{
    "loss": 27.556869506835938,
    "accuracy": 0.4313725531101227
}